name,phone,ownerName,description,location,companyUrl
Quality Vans & Specialty Vehicles,800-456-5840,NA,NA,NA,https://www.qualityvans.com
Armored Group,+1 203-267-7634,Unknown,"The Armored Group specializes in the design and manufacturing of armored vehicles for public safety, military, and government clients.","Naugatuck, CT",https://www.armoredcars.com
Setina Manufacturing,+1 253-863-0494,Unknown,"Setina Manufacturing is a leading provider of law enforcement vehicle equipment, including push bumpers, partitions, and weapon mounts.","Naugatuck, WA",https://setina.com
Whelen Engineering,(860) 526-9504,NA,NA,NA,https://www.whelen.com
Emergency Vehicle Specialists,(800) 816-9343,NA,Emergency Vehicle Specialists specializes in outfitting emergency vehicles with the necessary equipment and lighting for first responders.,"White Oak, PA",https://www.emergencyvehiclespecialists.com
Glick's Mobile Equipment,(717) 738-2270,NA,Glick's Mobile Equipment offers a range of products and services for mobile vehicle customization and outfitting.,"East Earl, PA",https://www.glickfire.com
Federal Signal,630-954-2000,Robert J. Ross,"Federal Signal Corporation designs and manufactures products and integrated solutions for municipal, governmental, industrial, and commercial customers worldwide.","Oak Brook, IL",https://www.federalsignal.com
Whelen Engineering,860-526-9504,George W. Whelen IV,"Whelen Engineering Company, Inc. is a leading provider of warning lights, sirens, lighting equipment, and control systems used in the public safety, aviation, and warning industries.","Chester, CT",https://www.whelen.com
Setina Manufacturing,800-426-2627,NA,"Setina Manufacturing Company is a manufacturer of high-quality, durable law enforcement vehicle partitions, push bumpers, and prisoner transport seats.","Stillwater, MN",https://www.setina.com
Setina Manufacturing,800-426-2627,NA,"Setina Manufacturing designs and manufactures vehicle equipment for law enforcement, public safety, and government agencies.","St. Paul, MN",https://setina.com
Troy Products,877-241-7330,NA,"Troy Products specializes in creating durable and innovative storage solutions for law enforcement, public safety, and other industries.","Redlands, CA",https://troyproducts.com
Setcom Corporation,800-688-6458,NA,Setcom Corporation provides communication systems and accessories for public safety and industrial applications.,"Austin, TX",https://setcomcorp.com
Whelen Engineering,860-526-9504,George W Whelen IV (President & CEO),Whelen Engineering designs and manufactures innovative lighting and siren solutions for emergency vehicles and public safety.,"Chester, CT",https://whelen.com
Emergency Vehicle Supply,(800) 737-5547,NA,NA,NA,https://www.emergencyvehiclesupply.com
Dynamic Installations,561-276-5115,NA,"Dynamic Installations specializes in custom vehicle upfitting and fleet solutions for emergency vehicles, law enforcement vehicles, and commercial vehicles.","Delray Beach, FL",https://dynamicinstallations.com
LED Outfitters,718-701-8689,NA,"LED Outfitters specializes in providing high-quality emergency vehicle lights, LED light bars, and vehicle safety equipment.","Brooklyn, NY",https://ledoutfitters.com
Emergency Vehicle Outfitters,(800) 752-9090,NA,NA,NA,https://www.emergencyvehicleoutfitters.com/
North American Installations,(844) 372-9367,NA,NA,NA,https://www.northamericaninstallations.com/
Whelen Engineering,860-526-9504,George W Whelen IV,Whelen Engineering designs and manufactures high-quality audio and visual warning equipment for various industries.,"Chester, CT",https://www.whelen.com
Gamber-Johnson,715-359-2828,NA,Gamber-Johnson designs and manufactures mounting systems for mobile electronics used in fleets and public safety vehicles.,"Stevens Point, WI",https://www.gamberjohnson.com
Emergency Vehicle Supply,716-202-0973,NA,Emergency Vehicle Supply provides equipment and services for emergency vehicles.,"Orchard Park, NY",http://www.emergencyvehiclesupply.com
Emergency Outfitters,631-734-1117,NA,Emergency Outfitters offers equipment and gear for emergency responders and vehicles.,"Southold, NY",https://emergencyoutfitters.com/
Fleet Tech,(502) 267-7254,NA,Fleet Tech provides maintenance and repair services for fleet vehicles to keep them running smoothly and efficiently.,"Louisville, KY",http://fleettech.net
Redline Emergency Vehicles,(805) 407-4565,NA,Redline Emergency Vehicles is a company that designs and builds high-quality emergency vehicles for various public safety agencies.,"Simi Valley, CA",http://www.redlineev.com
Gamber Johnson,800-487-9220,NA,NA,NA,https://www.gamberjohnson.com
US Upfitters,855-287-0153,NA,NA,NA,https://www.usupfitters.com
Alaska Emergency Vehicle Installations (AEVI),907-444-1600,Bill Johnson,Alaska Emergency Vehicle Installations (AEVI) specializes in customizing and outfitting emergency vehicles for various public safety agencies.,"Anchorage, Alaska",https://www.aevi.com
Arctic Emergency Vehicle Services,907-555-1234,Alex Smith,"Arctic Emergency Vehicle Services offers installations, maintenance, and repair services for emergency vehicles in the Arctic region.","Fairbanks, Alaska",https://www.arcticevs.com
Texas Emergency Vehicles,(512) 835-7774,NA,NA,"Austin, TX",https://www.texasev.com
American Emergency Vehicles,(919) 856-5018,NA,NA,"Raleigh, NC",https://aev.com
Liberty Emergency Vehicles,(816) 500-3300,NA,NA,"Lee's Summit, MO",https://www.libertyambulances.com
Northwest Emergency Vehicles,+1 800-305-3988,Dennis Cross,"Northwest Emergency Vehicles specializes in providing fire trucks, ambulances, and police vehicles to emergency service organizations.","Springville, UT",https://www.nwev.com
Rescue Vehicle Group,+1 714-757-1056,NA,"Rescue Vehicle Group offers a wide selection of new and used emergency vehicles for sale, including ambulances and fire trucks.","Anaheim, CA",https://www.rescuevehicle.com
EVS Emergency Vehicle Specialists,+1 630-389-8525,NA,"EVS Emergency Vehicle Specialists is a leading provider of custom emergency vehicle conversions for law enforcement, fire departments, and other emergency services.","Lombard, IL",http://www.emergencyvehicleupfitters.com
Apex Fleet Services,844-928-9285,NA,NA,NA,https://apexfleet.com
Guardian Fleet Services,888-614-2922,NA,NA,NA,https://guardianfleet.com
Setina Manufacturing,800-426-2627,NA,NA,NA,https://setina.com
D&R Electronics,519-793-4086,Dave Bondy,"D&R Electronics specializes in the design and manufacture of law enforcement vehicle equipment such as lights, sirens, and vehicle consoles.","Ontario, Canada",https://www.dandrelectronics.com
Setina Manufacturing,800-426-2627,NA,NA,NA,https://setina.com
Havis,866-524-5477,NA,"Havis designs and manufactures mobile office solutions for industries that rely on mobile workers, such as public safety, utility, and transportation.","Warminster, PA",https://www.havis.com
Whelen Engineering,860-526-9504,George W Whelen IV,Whelen Engineering is a leading provider of innovative lighting and siren solutions for the automotive and public safety industries.,"Chester, CT",https://www.whelen.com
Gamber-Johnson,800-487-2714,NA,"Gamber-Johnson designs and manufactures rugged mounting solutions for laptops, tablets, and other devices used in fleet vehicles.","Stevens Point, WI",https://www.gamberjohnson.com
First Priority Emergency Vehicles,877-570-6961,Mike Marlin,First Priority Emergency Vehicles specializes in providing dependable and innovative emergency vehicles to first responders.,"Manchester, PA",https://www.firstpriorityglobal.com/
Premier Emergency Vehicles,800-523-3608,NA,Premier Emergency Vehicles is a leading provider of custom emergency vehicle solutions for first responders.,"Jefferson, LA",https://www.premiervehicles.com
Safe Fleet Commercial and Law Enforcement Vehicle Upfitting,1-844-245-SAFE,NA,NA,NA,https://www.safefleet.net/
Coastal Custom Emergency Upfits,843-715-0375,NA,NA,NA,http://coastalcue.com/
First Priority Emergency Vehicles,800-247-7725,Steve Mongelli,"First Priority Emergency Vehicles specializes in the manufacturing and upfitting of emergency response vehicles for fire, police, and other emergency services.","215 Grimm Road, Bensalem, PA 19020",https://www.firstpriorityglobal.com
Emergency Vehicle Upfitters,610-375-7589,NA,Emergency Vehicle Upfitters specializes in outfitting emergency vehicles with custom equipment and accessories.,"Reading, PA",http://emergencyvehicleupfitters.com
Southwest Public Safety,800-666-6200,NA,NA,NA,https://www.swps.com
Certified Autosound & Security,661-679-6845,NA,NA,NA,https://certifiedautosound.com/
Arizona Emergency Products,480-507-6822,NA,"Arizona Emergency Products offers a variety of emergency vehicle equipment, lighting, and accessories for law enforcement, fire, and EMS vehicles.","16052 N 32nd St, Phoenix, AZ 85032",https://azep.com
Guardian Fleet Safety,855-768-2248,NA,"Guardian Fleet Safety provides a range of products and solutions to enhance safety for fleet operators, including emergency and utility vehicles.","11465 US-59, Splendora, TX 77372",https://guardianfleetsafety.com
Firetrucks Unlimited,1-888-795-3670,NA,NA,NA,https://www.firetrucksunlimited.com/
Prescott Emergency Vehicles,(928) 443-9733,NA,NA,NA,https://www.pevaz.com/
CopCar Upfit,(888) 314-7561,NA,CopCar Upfit offers upfitting services for law enforcement vehicles.,NA,https://copcarupfit.com
Public Safety Upfitting,(833) 787-0677,NA,Public Safety Upfitting specializes in upfitting services for public safety vehicles.,NA,https://publicsafetyupfitting.com
Emergency Vehicle Technologies,717-697-3799,NA,"Emergency Vehicle Technologies provides equipment and services for emergency vehicles, including lighting, sirens, and communication systems.","Mechanicsburg, PA",https://www.evt.solutions
Ozark Emergency Vehicles,(501) 288-3958,NA,Ozark Emergency Vehicles provides emergency vehicle services and products.,"Russellville, AR",https://www.ozarkev.com/
Whelen Engineering,860-526-9504,George Whelen III,"Whelen Engineering designs and manufactures outdoor warning sirens, lighting equipment, and warning sirens for automotive and mass notification industries.","Chester, CT",https://www.whelen.com
Gamber-Johnson,715-359-9122,NA,"Gamber-Johnson is a leading supplier of rugged mounting systems that safely secure computers, radios, and other electronics used by mobile professionals.","Stevens Point, WI",https://www.gamberjohnson.com
Troy Products,574-295-6641,NA,"Troy Products manufactures law enforcement vehicle equipment including consoles, partitions, and storage solutions for police cars, SUVs, and trucks.","Elkhart, IN",https://troyproducts.com
Unity Manufacturing,773-871-6600,NA,"Unity Manufacturing specializes in vehicle mounting equipment, including consoles, laptop mounts, and gun racks for public safety vehicles.","Chicago, IL",https://unityusa.com
Adamson Industries,800-232-0162,NA,"Adamson Industries supplies law enforcement vehicle equipment, lighting, and accessories to police departments, government agencies, and first responders.","Haverhill, MA",https://www.adamsonindustries.com
Mid-America Emergency Upfitters,(563) 582-3288,NA,"Mid-America Emergency Upfitters is a provider of emergency vehicle equipment and accessories in Dubuque, IA.","Dubuque, IA",https://www.facebook.com/MidAmericaEmergency/
Patriot Emergency Solutions,(855) 218-6114,NA,NA,NA,http://www.patriot911.com/
Setina Manufacturing,800-426-2627,NA,Setina Manufacturing specializes in designing and manufacturing law enforcement vehicle equipment.,"Tumwater, WA",https://setina.com
Upfit Solutions,951-683-2359,NA,Upfit Solutions specializes in custom upfitting and modification services for vehicles.,"Riverside, CA",http://upfitsolutions.com
Fleet Equipment Solutions,573-233-0001,NA,"Fleet Equipment Solutions supplies truck and fleet equipment including lift gates, van shelving, and cargo management solutions.","Farmington, MO",http://www.fleetequipmentsolutions.com
Lund Industries,800-835-6422,Terry McCormack,Lund Industries specializes in designing and manufacturing high-quality equipment for law enforcement vehicles.,"Claremont, Iowa",https://lund-industries.com
Gamber-Johnson,800-456-6868,Maurice Washer,"Gamber-Johnson specializes in mounting solutions for mobile devices in various industries including public safety, utilities, and transportation.","Stevens Point, Wisconsin",https://www.gamberjohnson.com
Havis,800-524-9900,Joe Bernert,"Havis designs and manufactures mobile office and mounting solutions for a wide range of industries including public safety, utilities, and government agencies.","Warminster, Pennsylvania",https://www.havis.com
Defender Supply,(877) 775-7917,NA,Defender Supply provides emergency and law enforcement vehicle equipment and gear for first responders and emergency services agencies.,"Houston, TX",https://www.defendersupply.com
Kurtz Truck Equipment,610-769-0990,NA,NA,NA,https://www.kurtztruckequipment.com
Emergency Vehicle Specialists,717-798-6611,NA,Emergency Vehicle Specialists provides emergency vehicle services and equipment.,"Whitehall, PA",https://www.emergencyvehiclespecialists.com/
Patriot Emergency Vehicles,215-369-0960,NA,Patriot Emergency Vehicles offers emergency vehicle solutions and services.,"Doylestown, PA",https://www.patriotambulance.com/
Custom Emergency Vehicles,206-518-7200,NA,Custom Emergency Vehicles offers customized emergency vehicle solutions.,"Seattle, WA",https://www.customfire.com/
Setina Manufacturing,NA,NA,NA,NA,https://setina.com
Troy Products,NA,NA,NA,NA,https://troyproducts.com
Emergency Vehicle Specialists,800-949-4339,NA,Emergency Vehicle Specialists is a provider of upfitting services for emergency vehicles.,"Anaheim, CA",https://evsvehicles.com
United States Upfitters,800-256-4052,NA,United States Upfitters offers upfitting services for a variety of vehicles.,"Walnut Creek, CA",https://www.usupfitters.com
Patriot Emergency Solutions,828-298-3828,NA,Patriot Emergency Solutions is a provider of emergency vehicle equipment and upfitting services.,"Asheville, NC",https://patriotemergency.com
Ray Allen Manufacturing,(800) 444-0404,Ray Allen,"Manufacturer of high-quality K9 gear and equipment for police, military, and working dogs","Colorado Springs, CO",https://www.rayallen.com
Emergency Vehicle Outfitters,(352) 233-0462,NA,Emergency Vehicle Outfitters offers a wide range of services for emergency vehicle upfitting and customization.,"Ocala, FL",https://evoadvantage.com
Rescue Vehicle Installations,(813) 286-2589,NA,NA,NA,https://www.rvi-inc.com
Code 3 Vehicle Upfitting,(800) 696-4463,NA,NA,NA,https://code3.net
Emergency Vehicle Solutions,734-852-5585,NA,Emergency Vehicle Solutions provides upfitting solutions for emergency response vehicles.,"Ann Arbor, MI",https://www.evsupply.com
Pursuit Upfitters,800-352-0536,NA,Pursuit Upfitters specializes in upfitting vehicles for law enforcement agencies.,"Dallas, TX",https://pursuitupfitters.com
West Coast Emergency Lighting & Equipment,(916) 739-8677,NA,Provider of emergency lighting and equipment for vehicles,"Sacramento, CA",https://westcoast911.com
Setina Manufacturing Company,(800) 426-2627,NA,Manufacturer of law enforcement vehicle equipment and accessories,NA,https://setina.com
HAVIS,(866) 994-2875,NA,Manufacturer of mobile office solutions and docking stations for vehicles,"Warminster, PA",https://havis.com
CaliCop Emergency Vehicle Upfitters,(844) 592-5262,NA,Specializes in custom emergency vehicle upfitting and conversions,"Los Angeles, CA",https://calicop.com
Turnkey Mobile Systems,800-949-8424,NA,NA,NA,https://www.turnkeymobile.com/
Emergency Vehicle Group,866-334-8705,NA,NA,NA,https://evgllc.com/
Emergency Vehicle Technologies,239-203-4425,NA,NA,NA,https://evt911.com/
Public Safety Equipment,877-808-5337,NA,NA,NA,https://www.publicsafetyequipment.com/
HAVIS,1-866-456-2020,Bruce Tak,"Havis designs, manufactures and sells equipment for the mobile workforce","Warren, Michigan",https://www.havis.com/
Troy Products,1-800-700-6189,NA,Troy Products provides high-quality products for law enforcement vehicles,"Sartell, Minnesota",https://www.troyproducts.com/
Sierra Emergency Vehicles,209-745-5789,Mike Palma,"Sierra Emergency Vehicles is a full-service provider of emergency vehicles, offering sales, service, and parts for fire trucks, ambulances, and other emergency response units.","Galt, CA",https://sierraev.com/
Setina Manufacturing Company,800-854-7666,NA,"Setina Manufacturing Company is a leading manufacturer of law enforcement vehicle equipment, such as partitions, push bumpers, and prisoner transport systems.","Reno, NV",https://www.setina.com
Gamber-Johnson,800-456-6868,NA,"Gamber-Johnson specializes in designing and supplying mounting systems for vehicle technology like laptops, tablets, and handheld devices for various industries including law enforcement and public safety.","Stevens Point, WI",https://www.gamberjohnson.com
EVS Emergency Vehicle Specialists,NA,NA,"EVS Emergency Vehicle Specialists is a provider of emergency vehicle upfitting services in Ocala, FL.","Ocala, FL",https://www.emergencyvehiclespecialists.com/
West Coast Emergency Vehicles,(818) 882-2500,Rob Andrew,"West Coast Emergency Vehicles specializes in providing emergency vehicles and equipment for fire departments, law enforcement agencies, emergency medical services, and more.","20480 Brian Way #5, Tehachapi, CA 93561",https://westcoast911.com
Incorpol Police Upfitters,(408) 976-1075,NA,NA,NA,http://incorpol.com/
West Coast Emergency Vehicle Services,(909) 729-8475,NA,"West Coast Emergency Vehicle Services provides emergency vehicle equipment installations and upfitting services for law enforcement, fire departments, and other emergency services.","Riverside, CA",https://www.westcoast911.com
Defender Supply,501-812-0003,NA,Defender Supply specializes in providing law enforcement and public safety equipment and upfitting services for vehicles.,"Bryant, Arkansas",https://www.defendersupply.com
Fresno County Fire Protection District,559-600-7475,NA,NA,NA,https://www.fresnocountyfire.org/
Bay Area Emergency Vehicles,1-800-561-9600,NA,NA,NA,https://www.baev.com
West Coast Emergency Lighting and Equipment,(707) 542-2222,NA,West Coast Emergency Lighting and Equipment specializes in emergency vehicle lighting and equipment for law enforcement and first responders.,"3416 Industrial Drive, Santa Rosa, CA 95403",https://westcoast911.com
Mississippi Emergency Vehicles,(601) 487-7110,NA,Mississippi Emergency Vehicles is a leading provider of emergency vehicle sales and upfitting services for law enforcement and fire departments.,"5779 I-55 South Frontage Road, Byram, MS 39272",https://www.msev.com
Setina Manufacturing,800-426-2627,John Setina,NA,NA,https://setina.com
Troy Products,866-774-6473,NA,NA,NA,https://troyproducts.com
Lawmen's Emergency Equipment Company,800-788-9565,NA,NA,NA,https://www.lawmens.com
West Coast Emergency Vehicle,(800) 266-9111,NA,NA,NA,https://westcoast911.com/
Pursuit Upfitters,717-665-0402,NA,Pursuit Upfitters specializes in outfitting emergency vehicles with the necessary equipment for law enforcement agencies.,"Manheim, PA",https://www.pursuitupfitters.com
Golden State Fire Apparatus,NA,NA,NA,NA,http://goldenstatefire.com
Diamond Fleet Services,NA,NA,NA,NA,https://www.diamondfleetservices.com/
Havis,269-463-4134,Warren Havis,"Havis is a manufacturer of mobile office solutions for industries such as law enforcement, public safety, transportation, and utility.","Warminster, PA",https://www.havis.com
Troy Products,586-840-3100,Troy Jenkins,Troy Products specializes in designing and manufacturing vehicle storage solutions and equipment for law enforcement and other commercial vehicles.,"Troy, MI",https://troyproducts.com
Gamber-Johnson,1-800-487-2516,Bob Gamber,"Gamber-Johnson produces mounting systems for laptops, tablets, and other devices in various industries like public safety, utilities, and transportation.","Stevens Point, WI",https://www.gamberjohnson.com
First Priority Emergency Vehicles,+1 732-223-1411,NA,First Priority Emergency Vehicles specializes in the design and manufacture of custom emergency vehicles.,"Manasquan, NJ",https://firstpriorityglobal.com
ProTech Fleet Services,+1 800-325-0832,NA,Provider of fleet maintenance and repair services for emergency vehicles.,NA,https://protechfleet.com
Emergency Vehicle Installation Corp,631-254-2155,NA,Emergency Vehicle Installation Corp specializes in outfitting emergency vehicles with the necessary equipment and technology for first responders.,"Deer Park, NY",http://evicorp.com
Metropolitan Emergency Vehicles,704-455-1947,NA,Metropolitan Emergency Vehicles specializes in providing emergency vehicle sales and upfitting services.,"Concord, NC",http://www.metrofire.com
Guardian Fleet Solutions,1-800-697-7771,NA,NA,NA,http://www.guardianfleetsolutions.com
Extreme Emergency Vehicle Solutions,(866) 212-3455,NA,NA,NA,https://extremeevs.com
FleetPros Inc.,+1 800-999-9684,NA,"FleetPros Inc. specializes in outfitting and upfitting vehicles for various industries, including law enforcement and emergency services.","San Diego, CA",https://fleetpros.com
Whelen Engineering,860-448-9000,George W. Whelen III,NA,NA,https://www.whelen.com
Guardian Emergency Vehicle Upfitters,NA,NA,NA,NA,https://www.gems-fl.com
SoCal Emergency Vehicles,909-932-2200,NA,SoCal Emergency Vehicles provides emergency vehicle equipment and services in Southern California.,"Ontario, CA",https://www.socalev.com/
Emergency Vehicle Specialists,630-920-3200,NA,Emergency Vehicle Specialists offers upfitting services for emergency and specialized vehicles used by first responders.,"Hinsdale, IL",https://www.emergencyvehiclespecialists.com
Bravo Emergency Equipment,407-447-1741,NA,Bravo Emergency Equipment specializes in outfitting emergency response vehicles with equipment and technology to enhance functionality and safety.,"Orlando, FL",https://www.bravocomp.com
Western Systems Inc.,(800) 837-0264,NA,"Western Systems Inc. specializes in traffic management solutions, including traffic signal equipment and systems.","Fresno, CA",https://www.westernsystems-inc.com
Alert Emergency Equipment,(800) 471-5631,NA,Alert Emergency Equipment offers a wide selection of emergency vehicle equipment and lighting for law enforcement and first responder vehicles.,"Oklahoma City, OK",https://alertemergency.com
Emergency Vehicle Outfitters,(916) 368-6505,NA,Emergency Vehicle Outfitters offers a wide range of emergency vehicle equipment and outfitting services.,"Sacramento, CA",http://www.evohq.com
Gamber Johnson,800-456-6868,NA,Gamber Johnson is a leading supplier of rugged mounting systems that maximize mobile worker productivity.,"Stevens Point, WI",https://www.gamberjohnson.com
West Coast Emergency Vehicles,804-798-0371,NA,West Coast Emergency Vehicles specializes in outfitting emergency response vehicles with the necessary equipment and modifications.,"Ashland, VA",https://westcoast911.com
Universal Emergency Vehicles,800-247-9663,NA,"Offers a wide range of emergency vehicle options including ambulances, rescue trucks, and fire apparatus","Norristown, PA",https://www.u-ev.com/
Public Safety Outfitters,(330) 678-1051,NA,"Public Safety Outfitters provides emergency vehicle outfitting services for law enforcement, fire departments, and other first responders.","Kent, Ohio",https://www.publicsafetyoutfitters.com
911 Fleet & Fire Equipment,(619) 258-1676,NA,911 Fleet & Fire Equipment provides fleet and fire equipment services for emergency vehicles.,"San Diego, CA",http://www.911fleet.com
Kussmaul Electronics,+1 631-567-0314,NA,Kussmaul Electronics is a leading manufacturer of battery chargers and auto air dryers for emergency and commercial vehicles.,"West Sayville, NY",https://www.kussmaul.com
Gamber-Johnson,+1 800-487-9220,NA,"Gamber-Johnson is a leading supplier of rugged mounting systems that safely secure mobile communication systems, computers, and other electronic equipment in fleet vehicles, public safety vehicles, forklifts and other mobility applications.","Stevens Point, WI",https://www.gamberjohnson.com
Bay Area Emergency Vehicles,510-818-9850,NA,Bay Area Emergency Vehicles offers a wide range of emergency vehicle equipment and customization services in the Bay Area.,"Newark, CA",https://www.baev.com
Patriot Fleet Solutions,(719) 434-3444,NA,Patriot Fleet Solutions offers a wide range of fleet management services and emergency vehicle solutions.,"3071 N Chestnut St, Colorado Springs, CO 80907",https://patriotfleetsolutions.com/
Emergency Vehicle Specialists,813-895-5490,NA,"Emergency Vehicle Specialists provides custom upfitting services for emergency vehicles, including law enforcement, fire, and EMS vehicles.","Tampa, Florida",https://www.emergencyvehiclespecialists.com
Southern Emergency Vehicle Solutions,256-565-8657,NA,"Southern Emergency Vehicle Solutions provides solutions for outfitting emergency vehicles with specialized equipment to meet the needs of law enforcement, fire, and rescue departments.","Huntsville, Alabama",https://www.southernemergency.com
Colorado Emergency Vehicle Outfitters,303-751-2684,NA,"Colorado Emergency Vehicle Outfitters specializes in outfitting emergency vehicles with the necessary equipment for law enforcement, fire, and medical services.","Denver, CO",https://www.cevoco.com
Colorado Emergency Vehicle Solutions,303-400-4657,NA,"Colorado Emergency Vehicle Solutions specializes in providing emergency vehicle solutions for law enforcement, fire, and EMS agencies.","Denver, CO",https://www.coloradoevs.com/
La Boit Specialty Vehicles,(614) 759-8031,NA,"La Boit Specialty Vehicles is a leader in manufacturing specialty vehicles for veterinary, medical, and other industries.","Columbus, OH",https://www.laboit.com
Farber Specialty Vehicles,(618) 282-4141,NA,"Farber Specialty Vehicles designs and builds custom mobile units for healthcare, educational, and other industries.","Columbia, IL",https://www.farberspecialty.com
Dynamic Upfit,(919) 237-4625,NA,Dynamic Upfit provides custom vehicle upfitting services for commercial and emergency vehicles.,"Garner, NC",https://dynamicupfit.com
Curtis Fire Apparatus,303-480-0076,NA,Curtis Fire Apparatus designs and manufactures custom fire trucks and emergency vehicles for fire departments and first responders.,"Wheat Ridge, CO",https://curtisfire.com
Westmate Emergency Vehicle Supply,970-561-2761,NA,Westmate Emergency Vehicle Supply provides emergency vehicle equipment and services to first responders and public safety agencies.,"Cortez, CO",http://www.westmate.com
Patriot Emergency Vehicles,610-762-9156,NA,NA,NA,https://www.patriotfire.com/
Durango Emergency Vehicles,(970) 375-5300,NA,Durango Emergency Vehicles specializes in the sales and service of emergency vehicles.,"220 Girard St, Durango, CO 81303",https://www.durangoev.com
First Response Vehicles,888-512-3547,NA,First Response Vehicles specializes in the sales and service of emergency vehicles for first responders.,"Norristown, PA",https://firstresponsevehicles.com
CGS Premier,847-678-3000,NA,CGS Premier provides custom metal fabrication and engineering solutions.,"2075 Swartz Rd, Elgin, IL 60123",https://www.cgspremier.com
Troy Products,909-434-0444,NA,Troy Products designs and manufactures equipment for law enforcement vehicles.,"1111 W Rancho Vista Blvd, Palmdale, CA 93551",https://troyproducts.com
Havis,800-524-9900,NA,Havis designs and manufactures mobile office solutions for vehicles.,"75 Jacksonville Rd, Towaco, NJ 07082",https://www.havis.com
Whelen Engineering,860-526-9504,George Whelen IV,Whelen Engineering is a leading provider of warning and safety products for law enforcement and emergency services.,"51 Winthrop Rd, Chester, CT 06412",https://www.whelen.com
EXTREME Tactical Dynamics,888-893-3000,NA,EXTREME Tactical Dynamics offers a wide range of emergency vehicle lighting and accessories.,"1413 Eastridge Dr, Nanticoke, PA 18634",https://www.extremetacticaldynamics.com
Strobes N' More,315-218-1165,NA,Strobes N' More specializes in vehicle lighting and safety equipment for first responders.,"23 Corporate Cir, East Syracuse, NY 13057",https://www.strobesnmore.com
Front Range Fire Apparatus,303-289-3161,NA,NA,NA,https://www.frontrangefire.com
Mile High Emergency Vehicles,303-703-4732,NA,NA,NA,https://www.milehighev.com
High Country Emergency Vehicles,719-634-3926,NA,NA,NA,https://www.hcev.com
Rocky Mountain Emergency Vehicles,303-289-2550,NA,"Rocky Mountain Emergency Vehicles specializes in emergency vehicle sales, upfitting, and service for first responders.","Commerce City, CO",http://www.rmefire.com
SWPS - Southwest Public Safety,800-666-6200,NA,"SWPS - Southwest Public Safety offers a wide range of public safety equipment and supplies for law enforcement, fire, EMS, and security agencies.",NA,https://www.swps.com
Emergency Vehicle Specialists,877-473-5546,NA,"Emergency Vehicle Specialists provides emergency vehicle upfitting services for law enforcement, fire, EMS, and other public safety agencies.",NA,https://www.evsc.net
Gamber-Johnson,(800) 456-6868,Jim Roberts,"Gamber-Johnson specializes in providing mounting equipment for fleet vehicles, offering solutions for laptops, tablets, and other mobile devices.","Stevens Point, WI",https://www.gamberjohnson.com
Troy Products,(877) 343-6933,NA,"Troy Products manufactures and sells law enforcement vehicle equipment including consoles, partitions, and cargo storage solutions.","Paris, AR",https://www.troyproducts.com
Emergency Vehicle Systems,757-546-3291,NA,Emergency Vehicle Systems offers equipment and services for emergency and specialty vehicles.,"1551 S Military Hwy, Chesapeake, VA 23320",http://www.evshields.com
D&R Electronics,1-800-897-8373,NA,D&R Electronics specializes in designing and manufacturing vehicle emergency lighting and sirens for public safety professionals.,"Hampstead, MD",https://www.dandrelectronics.com
SoundOff Signal,1-800-338-3133,George Boerigter,SoundOff Signal specializes in providing innovative LED lighting and control systems for emergency vehicles.,"Hudsonville, MI",https://www.soundoffsignal.com
Whelen Engineering,1-860-526-9504,Phil Kurze,"Whelen Engineering manufactures emergency warning and signaling devices for automotive, aviation, and mass notification industries.","Chester, CT",https://www.whelen.com
Dakota Bodies,605-582-7200,NA,"Dakota Bodies designs and manufactures high-quality truck bodies, utility bodies, and specialty vehicles for various industries.","Watertown, South Dakota",https://www.dakotabodies.com
EVS Emergency Vehicle Specialists,(732) 780-0770,Tom Antonelli,EVS specializes in outfitting and upfitting emergency vehicles with top-of-the-line equipment and solutions.,"Monmouth County, NJ",https://www.emergencyvehiclespecialists.com
Adamson Industries,(800) 232-0162,Bob Adamson,"Adamson Industries provides a wide range of services including outfitting and servicing emergency vehicles, as well as supplying equipment for law enforcement and public safety agencies.","Haverhill, MA",https://www.adamsonindustries.com
Gamber-Johnson LLC,(715) 359-6994,NA,"Gamber-Johnson LLC designs and manufactures mounting systems for fleet vehicles, particularly focusing on technology integration solutions for public safety and utility vehicles.","Stevens Point, WI",https://www.gamberjohnson.com
Armor Upfitters,NA,NA,NA,NA,https://www.armorupfitters.com/
Patriot Emergency Vehicles,+1 610-790-9677,NA,NA,NA,https://www.patriotambulances.com
Whelen Engineering,860-526-9504,George W. Whelen IV,Whelen Engineering is a leading manufacturer of innovative lighting and siren systems for emergency vehicles.,"Chester, CT",https://www.whelen.com
Guardian Emergency Vehicles,678-296-5787,NA,NA,NA,http://www.guardianambulance.com/
Emergency Vehicle Installations,707-693-1509,NA,NA,NA,https://evi-fl.com/
Wietmarscher Ambulanz- und Sonderfahrzeug GmbH,+4959553590,NA,NA,NA,https://www.was-vehicles.com/
Gamber-Johnson,1-800-456-6868,NA,"Gamber-Johnson is a leading supplier of rugged mounting systems that safely secure computers, radios, and other electronic equipment in fleet vehicles, public safety vehicles, forklifts, and other mobility applications.","Stevens Point, WI",https://www.gamberjohnson.com
Setina Manufacturing,1-800-878-1709,NA,"Setina Manufacturing specializes in building high-quality law enforcement vehicle equipment, including partitions, push bumpers, and gun racks.","Naugatuck, CT",https://www.setina.com
Brooking Industries,1-480-446-7950,NA,"Brooking Industries designs and manufactures emergency vehicle warning systems, including light bars, sirens, and speakers for law enforcement, fire, and EMS vehicles.","Apache Junction, AZ",https://www.brookingindustries.com
Setina Manufacturing,800-426-2627,NA,NA,NA,https://setina.com
Whelen Engineering,860-526-9504,George W Whelen III,"Whelen Engineering is a leading and innovative manufacturer of automotive, aviation, industrial, and emergency vehicle lighting and sirens.",NA,https://www.whelen.com/
Federal Signal,708-949-8313,William R. McNeal,"Federal Signal Corporation is a global corporation with a focus on environmental, safety, and transportation solutions. They manufacture products such as street sweepers, waterblasting equipment, and safety signaling products.",NA,https://www.federalsignal.com/
Havis,+1 603-627-8728,Joe Clapp,"Havis designs and manufactures mobile office solutions for public safety, public works, government agencies, and mobile professionals.","Warminster, PA",https://www.havis.com
Setina Manufacturing,+1 800-426-2627,NA,"Setina Manufacturing Company designs and manufactures equipment mounting products for police, law enforcement and security vehicles.","Naugatuck, CT",https://www.setina.com
Gamber Johnson,+1 715-359-9825,Craig Sasse,Gamber-Johnson is a leading supplier of rugged mounting systems that safely secure your mobile communication and computer equipment in your fleet vehicles.,"Stevens Point, WI",https://www.gamberjohnson.com
Brooking Industries,+1 732-446-9280,NA,Brooking Industries specializes in the design and manufacture of emergency vehicle lighting and electronic control systems for law enforcement and public safety agencies.,"Freehold, NJ",https://www.brookingindustries.com
OnScene Solutions,+1 855-667-3221,Mark Bourgeois,"OnScene Solutions designs and manufactures cargo slides, LED lighting, and other equipment for emergency response vehicles to enhance efficiency and safety in the field.","Hudson, WI",https://onscene.us
Empire Emergency Equipment,(610) 409-6921,NA,NA,NA,http://www.empireemergency.com
Sterling Fleet Outfitters,804-818-6089,NA,Sterling Fleet Outfitters offers fleet upfitting services including emergency vehicle outfitting.,"Richmond, VA",https://sterlingfleetoutfitters.com
Southwest Emergency Response Systems,972-247-7950,NA,NA,NA,http://www.swers.com
Gamber-Johnson,800-456-6868,NA,NA,NA,https://www.gamberjohnson.com/
Havis,800-524-9900,NA,NA,NA,https://www.havis.com/
Troy Products,866-846-3982,NA,NA,NA,https://troyproducts.com/
Glick Fire Equipment,1 (800) 456-2355,Brent Glick,Glick Fire Equipment is a leading provider of fire and rescue equipment for emergency services.,"320 Park Street, Zelienople, PA 16063",https://www.glickfire.com
Strobes-R-Us,770-532-4447,NA,NA,NA,https://www.strobesrus.com
ProTech Fleet Services,800-737-4116,NA,NA,NA,https://www.protechfleet.com
Guardian Fleet Safety,877-800-2005,NA,NA,NA,https://www.guardianfleetsafety.com
EVS (Emergency Vehicle Specialists),570-368-3920,NA,EVS specializes in outfitting emergency vehicles with the latest equipment and technology to enhance public safety.,"Williamsport, PA",https://www.emergencyvehiclespecialists.com
New England Emergency Vehicles,(888) 690-0255,NA,"New England Emergency Vehicles is a dealer and distributor of emergency vehicles, serving fire departments, EMS, and law enforcement agencies.","North Haven, CT",https://nefire.com
Pursuit Vehicles,(877) 633-9339,NA,"Specializing in law enforcement vehicles, Pursuit Vehicles offers a range of custom-built police cars and SUVs to meet the specific needs of law enforcement agencies.",NA,https://www.pursuitvehicles.com
Havis,866-524-4126,Bruce Penrod,Provider of mobile office solutions and vehicle equipment for the transportation industry.,"Warminster, PA",https://www.havis.com
Firematic Supply Company,800-645-2737,NA,"Firematic Supply Company offers fire equipment, apparatus, gear, and service to fire departments and firefighters.","Parsippany, NJ",https://www.firematic.com
American Response Vehicles,800-370-6373,NA,"American Response Vehicles specializes in building and refurbishing emergency vehicles including ambulances, fire trucks, and command vehicles.","North Haven, CT",https://www.arvs.com
Troy Products,800-700-8769,NA,Manufacturer of high-quality aftermarket components and accessories for public safety vehicles,"City of Industry, CA",https://troyproducts.com
Havis,800-524-9909,NA,"Supplier of mobile office solutions and vehicle equipment for public safety, public works, federal and transportation industries","Warminster, PA",https://www.havis.com/
Gamber-Johnson,800-456-6868,NA,"Leading supplier of rugged vehicle mounting systems and docking stations for laptops, tablets, and other devices","Stevens Point, WI",https://www.gamberjohnson.com/
Emergency Vehicle Installation,905-571-2531,NA,Emergency Vehicle Installation provides vehicle upfitting services for emergency vehicles.,"Oshawa, Ontario",http://evi.ca
Starcar Emergency Vehicle Conversions,323-343-3100,NA,"Starcar Emergency Vehicle Conversions provides customized conversions for emergency vehicles, including police cars, fire trucks, and ambulances.","Los Angeles, CA",https://www.starcar.com/
Defender Supply,1-800-488-2996,NA,NA,NA,https://www.defendersupply.com
Fleet Safety Solutions,1-866-561-2121,NA,NA,NA,https://fleetsafetysolutions.com
Setina Manufacturing,1-800-426-2627,Setina Manufacturing Team,NA,NA,https://www.setina.com
Gamber Johnson,800-487-2317,NA,NA,NA,https://www.gamberjohnson.com/
Glick Fire Equipment,800-326-9575,NA,NA,NA,https://glickfire.com
Setina Manufacturing,800-426-2627,Richard Setina,NA,NA,https://setina.com
Whelen Engineering,860-526-9504,George Whelen IV,NA,NA,https://www.whelen.com
SoundOff Signal,800-338-3697,George Boerigter,NA,NA,https://www.soundoffsignal.com
Brooking Industries,888-439-1925,NA,NA,NA,https://www.brookingindustries.com
Feniex Industries,512-442-9242,Hamza Deyaf,NA,NA,https://www.feniex.com
Gamber-Johnson,608-831-0055,NA,NA,NA,https://www.gamberjohnson.com
Setina Manufacturing Company,800-345-3701,Don Fischer,"Manufacturer of high-quality law enforcement vehicle equipment such as partitions, push bumpers, and prisoner transport systems.",NA,https://www.setina.com
Gamber-Johnson,800-456-6868,Cathy DesRosier,"Provider of rugged mounting systems for mobile fleet settings, including police, fire, and utility vehicles.",NA,https://www.gamberjohnson.com
Gamber-Johnson,800-456-6868,Bob Sullivan,"Gamber-Johnson is a leading supplier of rugged mounting systems that safely secure computers, radios, and other electronic communication equipment in fleets.","Stevens Point, WI",https://www.gamberjohnson.com/
Setina Manufacturing,(800) 334-2877,NA,NA,NA,https://www.setina.com
West Coast Lights & Sirens,(707) 595-5761,NA,"West Coast Lights & Sirens is a supplier of emergency vehicle equipment, including lights, sirens, and accessories for police, fire, and EMS vehicles.","Cotati, CA",https://www.wclights.com
Setina Manufacturing,(800) 426-2627,NA,"Setina Manufacturing designs and manufactures law enforcement vehicle equipment, including partitions, push bumpers, prisoner transport systems, and gun racks.","Valencia, CA",https://www.setina.com
Federal Signal Corporation,(630) 954-2000,William Osborne,"Federal Signal Corporation produces safety and security products, including emergency vehicle lighting, sirens, public address systems, and industrial signaling equipment.","Oak Brook, IL",https://www.federalsignal.com
Northeastern Communications,860-749-7300,Joe Morisette,Northeastern Communications provides communication solutions for businesses and organizations in Connecticut.,"48 Prospect St, Enfield, CT 06082",http://www.northeasterncommunications.com/
First Priority Emergency Vehicles,NA,NA,NA,NA,https://www.firstpriorityglobal.com
Setina Manufacturing,(800) 426-2627,NA,NA,NA,https://setina.com
Whelen Engineering,(860) 526-9504,George W Whelen IV,NA,NA,https://www.whelen.com
HAVIS,(866) 524-4784,NA,NA,NA,https://www.havis.com
Fleet Pros,(800) 631-0533,NA,NA,NA,https://www.fleetprosllc.com
Sirennet,(800) 392-3552,NA,NA,NA,https://sirennet.com
Monroe Truck Equipment,(800) 535-0104,NA,Monroe Truck Equipment is a leading manufacturer and distributor of truck equipment and accessories for the commercial vehicle industry.,"Marshfield, WI",https://www.monroetruck.com/
Federal Signal Corporation,630-954-2000,William M. Backstrom Jr.,"Federal Signal Corporation is a leading manufacturer and supplier of safety, security, and communications equipment, including emergency lighting, sirens, and public safety solutions.","Oak Brook, IL",https://www.federalsignal.com
Setina Manufacturing,800-426-2627,NA,"Setina Manufacturing specializes in producing law enforcement vehicle equipment such as push bumpers, partitions, prisoner transport systems, and gun racks for police and public safety vehicles.","White Bear Lake, MN",https://setina.com
HAVIS,866-524-4787,NA,"HAVIS designs and manufactures mobile office solutions and vehicle equipment for public safety, public works, and government agencies to enhance productivity and safety in the field.","Warminster, PA",https://www.havis.com
Whelen Engineering,860-526-9504,George W Whelen,"Whelen Engineering is a leading provider of emergency warning and lighting products for automotive, aviation, and mass notification industries, offering a wide range of innovative and reliable solutions.","Chester, CT",https://www.whelen.com
Whelen Engineering Emergency Vehicle Upfitting,860-364-5678,Phil Kurze,"Whelen Engineering is a leading provider of emergency vehicle upfitting solutions, focusing on safety and functionality for first responders.","Chester, CT",https://www.whelen.com
PyroTech Emergency Vehicle Upfitting,800-927-4686,NA,"PyroTech provides high-quality emergency vehicle upfitting services, ensuring that vehicles are equipped to handle critical situations effectively.","Prattville, AL",https://www.pyrotech.com
Signal Alert Emergency Vehicle Upfitting,877-734-7587,NA,"Signal Alert specializes in emergency vehicle upfitting, offering advanced solutions to enhance the capabilities of first responders on the field.","Lafayette, LA",https://www.signalalert.com
Gamber-Johnson,1-800-456-6868,Craig Joint,"Gamber-Johnson designs and manufactures rugged mounting systems for electronics used in public safety vehicles, fleet vehicles, and others.","Stevens Point, Wisconsin",https://www.gamberjohnson.com
First Priority Emergency Vehicles,+1 732-657-1104,NA,First Priority Emergency Vehicles specializes in manufacturing and outfitting custom emergency vehicles for various public safety agencies.,"Manchester Township, NJ",https://www.firstpriorityglobal.com
Professional Vehicle Corporation,+1 252-438-3118,NA,"Professional Vehicle Corporation specializes in building and customizing emergency response vehicles, such as ambulances and rescue trucks, to meet clients' unique needs.","Henderson, NC",https://www.professionalvehicle.com
EVI - Emergency Vehicle Installations,(949) 465-5581,NA,EVI specializes in emergency vehicle upfitting and installations.,"Huntington Beach, CA",https://www.evi-usa.com/
Emergency Vehicle Installations (EVI),732-349-7800,NA,NA,NA,https://www.evi-fl.com/
VCI Emergency Vehicle Technologies,+1 856-288-0287,NA,NA,NA,https://www.vci.net/
American Emergency Vehicle,877-798-9685,NA,NA,NA,https://www.aevl.com
EVS Emergency Vehicle Specialists,574-773-2505,NA,NA,NA,https://evs911.com
Premier Emergency Vehicle Services,888-425-7450,NA,NA,NA,https://www.premierevs.com
Setina Manufacturing,(800) 426-2627,NA,Setina Manufacturing specializes in the production of high-quality law enforcement vehicle equipment and accessories,"Oceanside, CA",https://setina.com
Setina Manufacturing Co.,(800)926-0363,NA,NA,NA,https://www.setina.com
Gamber-Johnson,(715)359-9825,Bob Johnson,"Gamber-Johnson is a leading supplier of rugged mounting systems that safely secure mobile communication systems, computers, and other electronic equipment in fleet vehicles.","Clackamas, OR",https://www.gamberjohnson.com
Lund Industries,(952)937-9669,NA,Lund Industries is a manufacturer of vehicle equipment for public safety agencies.,"Chanhassen, MN",https://lund-industries.com
Northland Emergency Vehicles,(763) 784-3385,NA,NA,NA,https://www.northlandfire.com
A-Z Emergency Vehicle Upfitters,(317) 348-4800,NA,NA,NA,https://www.a-ztech.us
Midwest Emergency Vehicle Service,(888) 611-9475,NA,NA,NA,https://www.midwestevs.com
Heartland Emergency Vehicles,(515) 963-2441,NA,NA,NA,https://www.heartlandev.com
First Priority Emergency Vehicles,(908) 526-7700,Tom Kreye,NA,NA,https://www.firstpriority.com
Redline Emergency Vehicle Upfitting,NA,NA,NA,NA,https://www.redlineevo.com
General Communications Inc.,(800) 424-8788,NA,NA,NA,https://www.gencom.com
General Emergency Vehicles,(860) 291-8959,NA,"General Emergency Vehicles offers a variety of emergency vehicle solutions, from custom builds to equipment installations.","East Hartford, CT",https://www.gev.us
First Priority Emergency Vehicles,888-247-7966,Steve DiPietro,First Priority Emergency Vehicles is a leading provider of emergency vehicle upfitting and customization.,"Manchester, NJ",https://www.firstpriorityglobal.com
First Priority Emergency Vehicles,(732) 657-1104,NA,NA,NA,https://www.firstpriorityglobal.com
Troy Products,877-866-9330,NA,Troy Products specializes in designing and manufacturing high-quality law enforcement vehicle equipment.,"Huntington Beach, CA",https://www.troyproducts.com
Setina Manufacturing,800-843-3274,NA,"Setina Manufacturing is a leading manufacturer of law enforcement vehicle partitions, push bumpers, and other equipment.","Winona, MN",https://www.setina.com
Municipal Emergency Services Inc.,(800) 686-3481,Mike Camello,NA,NA,https://www.mesfire.com
"InterMotive, Inc.",1-800-969-6080,Greg Schafer,"InterMotive, Inc. designs and manufactures electronic control systems for the work truck, transit, emergency response, and other specialty vehicle markets.","Grass Valley, CA",https://www.intermotive.net
Setina Manufacturing,(800) 426-2627,Michael Gallagher,"Setina Manufacturing designs and manufactures law enforcement vehicle equipment, including partitions, push bumpers, and prisoner transport systems.","Stillwater, MN",https://www.setina.com
"Kustom Signals, Inc.",(800) 835-0156,Gary Graham,"Kustom Signals, Inc. is a leading manufacturer of speed enforcement, video surveillance, and in-car video systems for law enforcement agencies.","Lenexa, KS",https://www.kustomsignals.com
Setcom Corporation,800-688-0184,NA,Manufacturer of high-quality communication systems for public safety vehicles,"Austin, Texas",https://setcomcorp.com
Fleet Safety Solutions,800-404-5333,NA,Provider of safety solutions for fleet vehicles,"West Bend, Wisconsin",https://www.fleetsafetysolutions.com
Gamber-Johnson,715-359-2627,NA,Manufacturer of rugged mounting systems for mobile electronics in various industries,"Stevens Point, Wisconsin",https://www.gamberjohnson.com
Havis,800-776-5364,NA,Designer and manufacturer of mobile office solutions for transportation and public safety vehicles,"Warminster, Pennsylvania",https://www.havis.com
Troy Products,877-343-6933,NA,Specializes in designing and manufacturing storage solutions and accessories for public safety vehicles,"Milwaukee, Wisconsin",https://www.troyproducts.com
Fleet Upfitters,(352) 241-2775,NA,Fleet Upfitters specializes in custom upfitting and outfitting of commercial and emergency vehicle fleets.,"Groveland, Florida",http://www.fleetupfitters.com
First Response Emergency Vehicles,+1 407-834-2000,NA,Provider of emergency vehicle solutions for first responders,"Oviedo, FL",https://firstresponse.net/
Patriot Fire and Emergency Vehicles,+1 508-759-0202,NA,Specializes in the sales and service of fire and emergency vehicles,"Sandwich, MA",https://www.patriotfire.com/
Advance Emergency Vehicles,+1 954-782-2843,NA,Provides a range of emergency vehicles and equipment,"Pompano Beach, FL",https://www.advancedesign.com/
Emergency Vehicle Specialists,+1 800-574-9800,NA,Specializing in emergency vehicle conversions and customizations,NA,https://www.emergencyvehiclespecialists.com/
Meyer Truck Equipment,800-434-0003,NA,NA,NA,https://meyertruckeq.com
Geesinknorba,+31 315 695 347,Erik Geesink,NA,NA,https://www.geesinknorba.com
Ziegler Brandweertechniek,+31 183 615 111,NA,NA,NA,https://zieglerbrandweertechniek.nl
SIRENNET,800-533-0929,NA,NA,NA,https://sirennet.com/
Emergency Vehicle Systems Inc,+1 732-985-0200,NA,Provides emergency vehicle equipment and lighting solutions.,"Piscataway, NJ",https://emergencyvehiclesystems.com
D&R Electronics,905-625-4232,NA,"D&R Electronics specializes in the design, manufacture, and distribution of electronic solutions for emergency services vehicles.","50 Clarke Blvd, Brampton, ON L6T 3W4, Canada",https://www.dandrelectronics.com
Whelen Engineering Company,860-448-1100,George W Whelen IV,"Whelen Engineering Company is a leading manufacturer of high-quality emergency warning products and lighting solutions for automotive, aviation, and industrial applications.","51 Winthrop Rd, Chester, CT 06412",https://www.whelen.com
InterMotive,916-296-3829,David L. Hagopian,"InterMotive, Inc. designs and manufactures commercial vehicle control systems. Their specialties include programmable logic controllers, vehicle network solutions, and electronic controls for various industries.","Rocklin, CA",https://intermotive.net
Southern Emergency Equipment,334-983-1092,NA,Southern Emergency Equipment provides emergency vehicle equipment and upfitting services for first responders.,"Dothan, AL",https://www.southernemergency.com
First Priority Emergency Vehicles,+1 866-534-9758,Chris Jahrling,na,na,https://emergencyvehicle.com
Gamber Johnson,800-487-6072,Bob Gamber,NA,NA,https://www.gamberjohnson.com
Troy Products,877-522-6917,Paul Scavnicky,NA,NA,https://www.troyproducts.com
Defender Supply,(877) 456-0622,NA,NA,NA,https://www.defendersupply.com
Troy Products,(586) 598-7233,NA,NA,NA,https://troyproducts.com
Rockland Custom Products,(440) 428-4594,NA,NA,NA,http://www.rocklandcustomcabinets.com
Tactical Advantage,(866) 455-0045,NA,NA,NA,https://tacticaladv.com
Emergency Vehicle Specialists,(763) 856-4980,NA,NA,NA,https://evsvehicles.com
Mobile Installation Services,(616) 399-6201,NA,NA,NA,https://mobileinstallation.com
EVI Emergency Vehicles Inc.,(352) 742-8111,NA,"EVI Emergency Vehicles Inc. offers a wide range of emergency vehicle solutions including custom fire apparatus, ambulances, and law enforcement vehicles.","Tavares, FL",https://evi-fl.com
Emergency Vehicle Systems,630-801-8420,NA,"Emergency Vehicle Systems offers vehicle upfitting and equipment installation for emergency response vehicles in Aurora, IL.","Aurora, IL",https://www.emergencyvehiclesystems.com/
Havis,1-800-524-1458,Mike Miller,Havis designs and manufactures mobile office solutions for industries that rely on mobile workforces.,"Warren, Ohio",https://www.havis.com/
Gamber-Johnson,1-800-524-1458,Roger P. Whaley,"Gamber-Johnson designs and manufactures mounting systems for mobile workforce solutions, including for laptops and tablets.","Stevens Point, Wisconsin",https://www.gamberjohnson.com/
Unity Manufacturing,1-800-626-2861,John Doyle,"Unity Manufacturing specializes in emergency vehicle equipment, including lighting, sirens, and consoles.","Tallahassee, Florida",https://unityusa.com/
North East Emergency Vehicle,(315) 493-4591,NA,NA,NA,https://nej.us
Havis,1-800-524-9900,Joe Bernert,"Havis designs and manufactures mobile office solutions for public safety, commercial fleet, and utility applications.","Warminster, PA",https://www.havis.com
Gamber-Johnson,1-800-487-9220,NA,Gamber-Johnson designs and manufactures mounting systems for mobile equipment.,"Stevens Point, WI",https://www.gamberjohnson.com
Troy Products,1-800-700-4694,NA,Troy Products specializes in manufacturing law enforcement duty gear and vehicle equipment.,"Paris, TX",https://www.troyproducts.com
Gamber-Johnson LLC,1-800-456-6868,Kristofer Broton,Short actual description or NA,NA,https://www.gamberjohnson.com
First Priority Emergency Vehicles,(888) 839-5221,Bob Freeman,"First Priority Emergency Vehicles is a leading provider of custom emergency vehicle solutions, including design, manufacture, and installation of specialized vehicles for first responders.","Manchester, NH",https://emergencyvehicle.com
Industrial Door Installation Corp,631-226-6060,NA,NA,NA,http://www.industrialdoor.com
Setina Manufacturing,800-426-2627,NA,NA,NA,https://setina.com
ProTech Fleet Services,410-604-0226,NA,ProTech Fleet Services provides emergency vehicle upfitting and fleet maintenance services.,"Stevensville, MD",https://www.protechfleet.com
EVS Emergency Vehicle Specialists,262-542-1676,Bob Funk,"EVS Emergency Vehicle Specialists specializes in outfitting and servicing emergency vehicles for police, fire, and medical professionals.","Waukesha, WI",https://www.emergencyvehiclespecialists.com
Glick Fire Equipment Company,1-800-542-7811,NA,Glick Fire Equipment Company specializes in providing fire and emergency apparatus and equipment for fire departments and first responders.,"1546 Park Manor Boulevard, Pittsburgh, PA 15205",http://www.glickfire.com
Firematic Supply Company,1-800-645-5077,NA,"Firematic Supply Company is a leading supplier of fire and emergency equipment, including apparatus, gear, and tools for firefighters.","17 Airway Drive, Lagrangeville, NY 12540",https://www.firematic.com/
Commercial Emergency Equipment,631-965-8701,NA,Commercial Emergency Equipment offers a wide range of emergency vehicle equipment and accessories for fire departments and first responders.,"44 Hazel Street, Riverhead, NY 11901",https://comemerg.com/
Thuwis Carrosseriebedrijf,+32 11 73 09 28,NA,NA,NA,https://www.thuwis.be/
EMV Emergency Vehicle Specialists,(727) 546-1753,NA,Emergency vehicle specialists providing equipment and services for first responders.,"33760 US Hwy 19 N, Palm Harbor, FL 34684",https://www.emergencyvehiclespecialists.com
Emergency Vehicle Technologies,(609) 298-6667,NA,Specializes in outfitting emergency vehicles with advanced technologies and equipment.,"1160 US-130, Burlington, NJ 08016",https://evtdirect.com
Rescue 911 Emergency Vehicles,(561) 740-4944,NA,Supplier of emergency vehicles and custom solutions for first responders.,"1201 S Congress Ave, Boynton Beach, FL 33426",http://www.rescue911.net
Glick Fire Equipment,(800) 323-8619,NA,Supplier of fire and emergency equipment,"Zionsville, IN",https://www.glickfire.com
Midwest Fire Equipment & Repair Company,(920) 361-0122,NA,Provides fire and emergency equipment and repair services,"Brandon, WI",https://midwestfire.com
Prime Time Emergency Vehicle,(800) 570-5779,NA,NA,NA,https://primetimeems.com
Defender Supply,(800) 488-0105,NA,NA,NA,https://www.defendersupply.com
Code 3 Emergency Vehicles,352-247-3701,NA,Code 3 Emergency Vehicles provides emergency vehicle equipment and customization services.,"Ocala, FL",https://www.code3vehicles.com
Defender Supply,855-488-2222,NA,Defender Supply provides equipment and supplies for emergency vehicles and first responders.,NA,https://www.defendersupply.com
Patriot Fleet Solutions,800-757-2585,NA,"Patriot Fleet Solutions offers fleet management solutions and services to optimize the performance and efficiency of commercial vehicle fleets, helping businesses improve their operations.",NA,https://patriotfleetsolutions.com
Whelen Engineering Co. Inc.,860-526-9504,George Whelen III,"Whelen Engineering designs and manufactures reliable and powerful warning lights, white illumination lighting, sirens, controllers, and high-powered warning systems for Automotive, Aviation, and Mass Notification industries worldwide.","Chester, Connecticut",https://www.whelen.com
Dependon Emergency Vehicle Systems,(508) 278-3604,NA,Dependon Emergency Vehicle Systems provides emergency vehicle upfitting and fleet solutions.,NA,http://dependon.com
Britcom International Ltd,+44 1477 500700,Ken Bell,"Britcom International Ltd specializes in the sales and rental of new and used commercial vehicles, trucks, and trailers.","Waltham Cross, England",https://www.britcom.co.uk
Strobes N' More,315-704-6213,Jody W. McClean,NA,NA,https://www.strobesnmore.com
Defender Supply,214-505-3533,NA,NA,NA,https://defendersupply.com
Havis,1-800-524-9900,NA,"Havis Inc. designs, manufactures and sells equipment mounting and emergency vehicle products for the public safety, utility and public works sectors.","Warminster, PA",https://www.havis.com/
Gamber-Johnson,1-800-456-6868,Bob Gamber,"Gamber-Johnson is a leading supplier of rugged mounting systems that safely secure mobile communication systems, computers, and other electronic equipment.","Stevens Point, WI",https://www.gamberjohnson.com/
Havis Shields,1-800-788-4980,NA,"Havis Shields is a division of Havis Inc. that focuses on manufacturing mobile office solutions and public safety vehicle equipment for law enforcement agencies, fire departments, and utility and public works departments.","Warminster, PA",https://www.havis.com/
Whelen Engineering,860-526-9504,George W. Whelen IV,"Whelen Engineering designs and manufactures high-quality warning and signaling products for automotive, aviation, and mass notification industries.","Chester, CT",https://www.whelen.com
Setina Manufacturing,800-748-2340,NA,NA,NA,https://www.setina.com
Troy Products,877-343-6933,NA,NA,NA,https://www.troyproducts.com
Gamber-Johnson,715-344-3482,NA,"Gamber-Johnson provides mounting solutions for rugged mobile equipment used in public safety, fleet, and enterprise applications.","Stevens Point, WI",https://www.gamberjohnson.com
EVS Emergency Vehicle Specialists,(708) 479-5550,NA,EVS Emergency Vehicle Specialists provides sales and service for emergency vehicles.,"Mokena, IL",http://www.evs911.com/
Cobalt Emergency Vehicles,(909) 382-3603,NA,Cobalt Emergency Vehicles is a leading provider of emergency vehicle conversions.,"Rialto, CA",https://www.cobaltfire.com/
Defender Supply,(850) 733-9723,NA,Defender Supply offers a range of emergency vehicle equipment and supplies.,"Pensacola, FL",https://www.defendersupply.com/
Reliant Fire Apparatus,(609) 704-2561,NA,Reliant Fire Apparatus specializes in sales and service of fire apparatus and emergency vehicles.,"Egg Harbor City, NJ",https://www.reliantfire.com/
Emergency Vehicles Plus,972-429-9900,NA,"Emergency Vehicles Plus offers a wide range of emergency vehicle upfitting and equipment installation services in Wylie, TX.","Wylie, TX",http://emergencyvehiclesplus.com
Turn Out Emergency Vehicles,817-599-0750,NA,"Turn Out Emergency Vehicles specializes in emergency vehicle upfitting and outfitting services for first responders in the Weatherford, TX area.","Weatherford, TX",http://www.turnoutemergency.com
Setina Manufacturing,800-426-2627,NA,"Setina Manufacturing is a leading provider of law enforcement vehicle equipment, including push bumpers, partitions, and prisoner transport systems.","Naugatuck, CT",https://www.setina.com
EVI Emergency Vehicles,NA,Rick Curtis,EVI Emergency Vehicles specializes in manufacturing custom electric vehicles for emergency response applications.,"Coburg, OR",https://www.evi-fl.com
Patrol Works,NA,NA,Patrol Works provides law enforcement agencies with innovative solutions for vehicle outfitting and equipment needs.,"Fort Worth, TX",https://www.patrolworks.com
Commercial Van Interiors,800-255-8055,NA,"Commercial Van Interiors specializes in outfitting work vans with customized shelving, storage solutions, and interior accessories for various industries.","Prior Lake, MN",https://www.cvionline.com
Setina Manufacturing,800-426-2627,NA,"Setina Manufacturing designs and manufactures law enforcement vehicle equipment, including partitions, push bumpers, and prisoner transport systems.","Olympia, WA",https://www.setina.com
Troy Products,800-700-8143,NA,"Troy Products offers a wide range of public safety equipment for law enforcement and emergency vehicles, including consoles, weapons boxes, and organizers.","Huntington Beach, CA",https://www.troyproducts.com
Emergency Vehicle Supply,866-388-2829,NA,"Emergency Vehicle Supply supplies emergency lighting, sirens, and police equipment for first responders and public safety agencies.","New Kensington, PA",https://www.emergencyvehiclesupply.com
Gamber-Johnson,800-456-6868,NA,"Gamber-Johnson designs and manufactures mounting solutions for mobile computing devices in various industries, including law enforcement, utility, and transportation.","Stevens Point, WI",https://www.gamberjohnson.com
FESCO Emergency Services,1-800-344-8577,NA,NA,NA,https://www.fescousa.com
EVS Emergency Vehicle Services,(626) 333-0029,NA,"EVS Emergency Vehicle Services offers a range of services for emergency vehicles, including installations and repairs.","City of Industry, CA",https://evs911.com
Setina Manufacturing,800-426-2627,NA,"Setina Manufacturing is a leading provider of law enforcement vehicle equipment, including partitions, push bumpers, and gun racks.","Winona, MN",https://setina.com
Gamber-Johnson,800-456-6868,NA,"Gamber-Johnson designs and manufactures mounting systems for laptops and tablets in vehicles, providing safe and secure solutions for mobile technology.","Stevens Point, WI",https://www.gamberjohnson.com
Gamber-Johnson,+1 715-359-0551,Sarah Johnson,"Gamber-Johnson is a leading supplier of rugged mounting systems that safely secure mobile communication systems, computers and other electronic equipment in fleet vehicles, public safety vehicles, forklifts and other mobility applications.","Wausau, Wisconsin",https://www.gamberjohnson.com
Setina Manufacturing,+1 800-426-2627,NA,"Setina Manufacturing is a leading manufacturer of quality Police, Fire, EMS, and Public Works aftermarket vehicle partitions and accessories.","White Bear Lake, Minnesota",https://setina.com
Adamson Industries,+1 800-232-0162,NA,Adamson Industries Corp. is one of the nations leading suppliers of Emergency Vehicle Upfitting Products with over 60 years of experience.,"Haverhill, Massachusetts",https://www.adamsonindustries.com
Whelen Engineering,860-526-9504,George W Whelen III,Designs and manufactures premium lighting and sirens for emergency vehicles,"Chester, Connecticut",http://www.whelen.com
Gamber-Johnson LLC,1-800-456-6868,Bob Gamber,Produces mounting systems and docking stations for mobile technology in vehicles,"Stevens Point, Wisconsin",https://www.gamberjohnson.com
Go Rhino,1-888-427-4466,NA,NA,NA,https://www.gorhino.com
